time,jogos_casa,jogos_fora,pontos_casa,pontos_fora,saldo_casa,saldo_fora,chutes_alvo_casa,chutes_alvo_fora,escanteios_casa,escanteios_fora,dif_pontos,dif_saldo,ganho_relativo,n_temporadas,amostra_suficiente,big_six
Hull,19,19,1.4736842105263157,0.3157894736842105,-0.3684210526315789,-1.894736842105263,3.6315789473684212,3.0526315789473686,3.8421052631578947,5.578947368421052,1.1578947368421053,1.526315789473684,0.43137254901960786,1,False,False
Swansea,57,57,1.368421052631579,0.7543859649122807,-0.24561403508771928,-0.8596491228070176,3.754385964912281,3.017543859649123,5.105263157894737,3.824561403508772,0.6140350877192983,0.6140350877192983,0.2734375,3,True,False
Arsenal,209,209,2.200956937799043,1.61244019138756,1.167464114832536,0.41148325358851673,5.770334928229665,4.368421052631579,6.755980861244019,5.133971291866029,0.5885167464114831,0.7559808612440193,0.42413793103448266,11,True,True
Newcastle,190,190,1.6263157894736842,1.0578947368421052,0.4052631578947368,-0.46842105263157896,4.794736842105263,3.7578947368421054,5.421052631578948,4.526315789473684,0.5684210526315789,0.8736842105263158,0.2926829268292683,10,True,False
Liverpool,209,209,2.2966507177033493,1.8229665071770336,1.4545454545454546,0.631578947368421,6.54066985645933,5.392344497607655,7.162679425837321,6.253588516746412,0.4736842105263157,0.8229665071770336,0.40243902439024387,11,True,True
Sheffield United,57,57,1.0350877192982457,0.5964912280701754,-0.7719298245614035,-1.1929824561403508,3.526315789473684,2.491228070175439,5.298245614035087,3.912280701754386,0.4385964912280703,0.42105263157894735,0.18248175182481757,3,True,False
Sunderland,57,57,1.2456140350877194,0.8070175438596491,-0.17543859649122806,-0.8771929824561403,3.56140350877193,3.280701754385965,4.5964912280701755,3.491228070175439,0.4385964912280703,0.7017543859649122,0.20000000000000004,3,True,False
Aston Villa,152,152,1.5723684210526316,1.138157894736842,0.19078947368421054,-0.4144736842105263,4.697368421052632,3.7960526315789473,5.703947368421052,4.868421052631579,0.4342105263157896,0.6052631578947368,0.23321554770318026,8,True,False
Man United,209,209,1.9521531100478469,1.5311004784688995,0.722488038277512,0.10047846889952153,5.698564593301436,4.688995215311005,6.033492822966507,4.818181818181818,0.42105263157894735,0.6220095693779905,0.2866449511400651,11,True,True
Middlesbrough,19,19,0.9473684210526315,0.5263157894736842,-0.3157894736842105,-1.0526315789473684,3.1052631578947367,2.1578947368421053,4.894736842105263,2.526315789473684,0.42105263157894735,0.7368421052631579,0.17021276595744678,1,False,False
Tottenham,209,209,1.8851674641148326,1.4688995215311005,0.7990430622009569,0.33014354066985646,5.784688995215311,4.722488038277512,6.430622009569378,5.143540669856459,0.4162679425837321,0.4688995215311004,0.27187500000000003,11,True,True
Brentford,95,95,1.5368421052631578,1.1263157894736842,0.3157894736842105,-0.24210526315789474,4.673684210526316,3.9473684210526314,4.778947368421052,4.315789473684211,0.41052631578947363,0.5578947368421052,0.21910112359550557,5,True,False
Everton,209,209,1.492822966507177,1.0861244019138756,0.20095693779904306,-0.48325358851674644,4.497607655502392,3.674641148325359,5.339712918660287,4.177033492822966,0.40669856459330145,0.6842105263157895,0.2125,11,True,False
Norwich,57,57,0.8771929824561403,0.47368421052631576,-0.9298245614035088,-1.4912280701754386,3.5789473684210527,2.8421052631578947,5.245614035087719,3.789473684210526,0.40350877192982454,0.5614035087719298,0.1597222222222222,3,True,False
Stoke,57,57,1.3157894736842106,0.9298245614035088,-0.21052631578947367,-0.8771929824561403,3.6491228070175437,3.3333333333333335,4.754385964912281,3.6140350877192984,0.38596491228070184,0.6666666666666666,0.18644067796610173,3,True,False
Watford,114,114,1.2105263157894737,0.8333333333333334,-0.37719298245614036,-0.8157894736842105,3.8157894736842106,3.289473684210526,4.649122807017544,4.298245614035087,0.3771929824561403,0.43859649122807015,0.1740890688259109,6,True,False
Leicester,171,171,1.5380116959064327,1.1695906432748537,0.23391812865497075,-0.23976608187134502,4.426900584795321,4.140350877192983,5.2105263157894735,4.754385964912281,0.368421052631579,0.47368421052631576,0.2012779552715655,9,True,False
Fulham,114,114,1.3157894736842106,0.956140350877193,-0.14912280701754385,-0.5614035087719298,4.245614035087719,3.8508771929824563,5.394736842105263,4.385964912280702,0.35964912280701766,0.4122807017543859,0.17596566523605156,6,True,False
Man City,209,209,2.4066985645933014,2.047846889952153,1.8181818181818181,1.0813397129186604,6.6650717703349285,5.7894736842105265,7.7368421052631575,6.578947368421052,0.3588516746411483,0.7368421052631577,0.3768844221105528,11,True,True
Leeds,76,76,1.3289473684210527,0.9736842105263158,-0.19736842105263158,-0.6710526315789473,4.5394736842105265,4.0,5.671052631578948,4.473684210526316,0.35526315789473684,0.47368421052631576,0.17532467532467533,4,True,False
West Ham,209,209,1.4545454545454546,1.105263157894737,0.019138755980861243,-0.3875598086124402,4.23444976076555,3.8086124401913874,5.157894736842105,4.454545454545454,0.34928229665071764,0.40669856459330145,0.1843434343434343,11,True,False
Brighton,171,171,1.4385964912280702,1.0935672514619883,0.07017543859649122,-0.3216374269005848,4.543859649122807,4.046783625730995,5.771929824561403,4.350877192982456,0.3450292397660819,0.391812865497076,0.18098159509202455,9,True,False
Bournemouth,171,171,1.3742690058479532,1.0292397660818713,-0.029239766081871343,-0.672514619883041,4.43859649122807,4.005847953216374,5.7894736842105265,4.947368421052632,0.3450292397660819,0.6432748538011697,0.17507418397626115,9,True,False
Wolves,152,152,1.355263157894737,1.019736842105263,-0.125,-0.5789473684210527,4.1118421052631575,3.473684210526316,4.8618421052631575,4.269736842105263,0.3355263157894739,0.45394736842105265,0.16943521594684396,8,True,False
West Brom,76,76,1.118421052631579,0.7894736842105263,-0.4342105263157895,-0.7236842105263158,3.3815789473684212,2.6052631578947367,5.105263157894737,3.6710526315789473,0.32894736842105265,0.2894736842105263,0.14880952380952384,4,True,False
Luton,19,19,0.8421052631578947,0.5263157894736842,-0.47368421052631576,-1.263157894736842,4.421052631578948,3.0,6.631578947368421,4.105263157894737,0.3157894736842105,0.7894736842105263,0.1276595744680851,1,False,False
Cardiff,19,19,1.0526315789473684,0.7368421052631579,-0.8947368421052632,-0.9473684210526315,3.5789473684210527,3.0526315789473686,5.0,3.8421052631578947,0.3157894736842105,0.05263157894736836,0.13953488372093023,1,False,False
Huddersfield,38,38,0.8421052631578947,0.5526315789473685,-0.7894736842105263,-1.4210526315789473,2.9473684210526314,3.0789473684210527,4.921052631578948,3.6842105263157894,0.2894736842105262,0.631578947368421,0.11827956989247308,2,False,False
Nott'm Forest,76,76,1.3421052631578947,1.0657894736842106,0.09210526315789473,-0.6052631578947368,4.0131578947368425,3.723684210526316,4.302631578947368,4.052631578947368,0.27631578947368407,0.6973684210526315,0.1428571428571428,4,True,False
Chelsea,209,209,1.8468899521531101,1.5980861244019138,0.7655502392344498,0.27751196172248804,5.837320574162679,4.655502392344498,6.70334928229665,5.248803827751196,0.24880382775119636,0.4880382775119617,0.17747440273037554,11,True,True
Burnley,152,152,1.131578947368421,0.8947368421052632,-0.375,-0.7039473684210527,3.611842105263158,3.039473684210526,4.730263157894737,3.835526315789474,0.23684210526315785,0.32894736842105265,0.11249999999999999,8,True,False
Southampton,171,171,1.1228070175438596,0.9590643274853801,-0.3508771929824561,-0.695906432748538,4.368421052631579,3.9649122807017543,5.280701754385965,5.099415204678363,0.16374269005847952,0.3450292397660819,0.0802292263610315,9,True,False
Crystal Palace,209,209,1.263157894736842,1.1435406698564594,-0.05263157894736842,-0.41148325358851673,4.15311004784689,3.583732057416268,5.315789473684211,4.421052631578948,0.11961722488038262,0.3588516746411483,0.06443298969072157,11,True,False
Ipswich,19,19,0.3684210526315789,0.7894736842105263,-1.5789473684210527,-0.8421052631578947,3.5789473684210527,3.1052631578947367,4.105263157894737,3.526315789473684,-0.4210526315789474,-0.736842105263158,-0.19047619047619052,1,False,False
